Datetime,Water Level (m)
2025-09-08 18:00:00,-0.17423205
2025-09-08 19:00:00,0.2278567
2025-09-08 20:00:00,0.7338494
2025-09-08 21:00:00,1.2049794
2025-09-08 22:00:00,1.5911962
2025-09-08 23:00:00,1.687552
2025-09-09 00:00:00,1.5109272
2025-09-09 01:00:00,1.1940949
2025-09-09 02:00:00,0.90066177
2025-09-09 03:00:00,0.641262
2025-09-09 04:00:00,0.41644084
2025-09-09 05:00:00,0.22110099
2025-09-09 06:00:00,0.053765416
2025-09-09 07:00:00,0.13288154
2025-09-09 08:00:00,0.8367713
2025-09-09 09:00:00,1.3543164
2025-09-09 10:00:00,1.8097069
2025-09-09 11:00:00,2.0085962
2025-09-09 12:00:00,1.8478186
2025-09-09 13:00:00,1.5128168
2025-09-09 14:00:00,1.2039167
2025-09-09 15:00:00,0.9353144
2025-09-09 16:00:00,0.69091266
2025-09-09 17:00:00,0.47669736
2025-09-09 18:00:00,0.2928287
2025-09-09 19:00:00,0.18072003
2025-09-09 20:00:00,0.6624226
2025-09-09 21:00:00,1.2905558
2025-09-09 22:00:00,1.769308
2025-09-09 23:00:00,2.091765
2025-09-10 00:00:00,2.0812292
2025-09-10 01:00:00,1.7673908
2025-09-10 02:00:00,1.4392012
2025-09-10 03:00:00,1.143376
2025-09-10 04:00:00,0.8842495
2025-09-10 05:00:00,0.65682095
2025-09-10 06:00:00,0.4637806
2025-09-10 07:00:00,0.30838326
2025-09-10 08:00:00,0.5289141
2025-09-10 09:00:00,1.2165757
2025-09-10 10:00:00,1.7029041
2025-09-10 11:00:00,2.0512743
2025-09-10 12:00:00,2.1381412
2025-09-10 13:00:00,1.8840526
2025-09-10 14:00:00,1.5536426
2025-09-10 15:00:00,1.2433692
2025-09-10 16:00:00,0.9770945
2025-09-10 17:00:00,0.74308205
2025-09-10 18:00:00,0.5417351
2025-09-10 19:00:00,0.36783043
2025-09-10 20:00:00,0.3862249
2025-09-10 21:00:00,1.043412
2025-09-10 22:00:00,1.6058832
2025-09-10 23:00:00,2.0253286
2025-09-11 00:00:00,2.2519808
2025-09-11 01:00:00,2.108341
2025-09-11 02:00:00,1.7768229
2025-09-11 03:00:00,1.4487089
2025-09-11 04:00:00,1.1597154
2025-09-11 05:00:00,0.9103212
2025-09-11 06:00:00,0.6911259
2025-09-11 07:00:00,0.50551736
2025-09-11 08:00:00,0.39530197
2025-09-11 09:00:00,0.81976146
2025-09-11 10:00:00,1.4243628
2025-09-11 11:00:00,1.8371414
2025-09-11 12:00:00,2.0844257
2025-09-11 13:00:00,2.038296
2025-09-11 14:00:00,1.7575
2025-09-11 15:00:00,1.4351344
2025-09-11 16:00:00,1.1462191
2025-09-11 17:00:00,0.9003781
2025-09-11 18:00:00,0.6841625
2025-09-11 19:00:00,0.49825606
2025-09-11 20:00:00,0.35403848
2025-09-11 21:00:00,0.570483
2025-09-11 22:00:00,1.2419227
2025-09-11 23:00:00,1.7387016
2025-09-12 00:00:00,2.0969093
2025-09-12 01:00:00,2.2332206
2025-09-12 02:00:00,2.0097475
2025-09-12 03:00:00,1.6831969
2025-09-12 04:00:00,1.3667871
2025-09-12 05:00:00,1.0961258
2025-09-12 06:00:00,0.860473
2025-09-12 07:00:00,0.654622
2025-09-12 08:00:00,0.48111293
2025-09-12 09:00:00,0.43264532
2025-09-12 10:00:00,0.8788841
2025-09-12 11:00:00,1.4005278
2025-09-12 12:00:00,1.750626
2025-09-12 13:00:00,1.9309665
2025-09-12 14:00:00,1.8457338
2025-09-12 15:00:00,1.5668819
2025-09-12 16:00:00,1.2638997
2025-09-12 17:00:00,0.9985639
2025-09-12 18:00:00,0.7737905
2025-09-12 19:00:00,0.5790236
2025-09-12 20:00:00,0.41260603
2025-09-12 21:00:00,0.33117655
2025-09-12 22:00:00,0.7061139
2025-09-12 23:00:00,1.279319
2025-09-13 00:00:00,1.7181404
2025-09-13 01:00:00,2.0192192
2025-09-13 02:00:00,2.0884717
2025-09-13 03:00:00,1.8599516
2025-09-13 04:00:00,1.5508513
2025-09-13 05:00:00,1.2572801
2025-09-13 06:00:00,1.0074244
2025-09-13 07:00:00,0.7908976
2025-09-13 08:00:00,0.6060941
2025-09-13 09:00:00,0.45731518
2025-09-13 10:00:00,0.47805208
2025-09-13 11:00:00,0.8905758
2025-09-13 12:00:00,1.3309512
2025-09-13 13:00:00,1.6116854
2025-09-13 14:00:00,1.735788
2025-09-13 15:00:00,1.6354264
2025-09-13 16:00:00,1.3741329
2025-09-13 17:00:00,1.098587
2025-09-13 18:00:00,0.8608361
2025-09-13 19:00:00,0.65820247
2025-09-13 20:00:00,0.48541716
2025-09-13 21:00:00,0.34273893
2025-09-13 22:00:00,0.33742407
2025-09-13 23:00:00,0.71708375
2025-09-14 00:00:00,1.2035643
2025-09-14 01:00:00,1.5883443
2025-09-14 02:00:00,1.8509753
2025-09-14 03:00:00,1.9164592
2025-09-14 04:00:00,1.7162606
2025-09-14 05:00:00,1.4285616
2025-09-14 06:00:00,1.1545964
2025-09-14 07:00:00,0.9196652
2025-09-14 08:00:00,0.7147278
2025-09-14 09:00:00,0.5430533
2025-09-14 10:00:00,0.40516928
2025-09-14 11:00:00,0.38738036
2025-09-14 12:00:00,0.64234215
2025-09-14 13:00:00,1.0227574
2025-09-14 14:00:00,1.2855346
2025-09-14 15:00:00,1.3944874
2025-09-14 16:00:00,1.3586171
2025-09-14 17:00:00,1.1675973
2025-09-14 18:00:00,0.93266195
